model,epoch,val_map50
rfdetr_large,1,0.7780309319496155
rfdetr_large,2,0.8478657603263855
rfdetr_large,3,0.8562579154968262
rfdetr_large,4,0.8594269156455994
rfdetr_large,5,0.8731668591499329
rfdetr_large,6,0.8803150057792664
rfdetr_large,7,0.8851934671401978
rfdetr_large,8,0.8861426711082458
rfdetr_large,9,0.8925273418426514
rfdetr_large,10,0.890017032623291
rfdetr_large,11,0.8889243602752686
rfdetr_large,12,0.8926429152488708
rfdetr_large,13,0.8937828540802002
rfdetr_large,14,0.8957280516624451
rfdetr_large,15,0.8963081240653992
rfdetr_large,16,0.8949291706085205
rfdetr_large,17,0.8933869004249573
rfdetr_large,18,0.8958238363265991
rfdetr_large,19,0.8970682621002197
rfdetr_large,20,0.8976390361785889
rfdetr_large,21,0.8977175354957581
rfdetr_large,22,0.8990405797958374
rfdetr_large,23,0.895539402961731
rfdetr_large,24,0.8982704877853394
rfdetr_large,25,0.8981063365936279
rfdetr_large,26,0.8975281119346619
rfdetr_large,27,0.8937512636184692
rfdetr_large,28,0.8928205966949463
rfdetr_large,29,0.892766535282135
rfdetr_large,30,0.8951484560966492
rfdetr_large,31,0.8947308659553528
rfdetr_large,32,0.894294261932373
rfdetr_large,33,0.8895344734191895
rfdetr_large,34,0.889044463634491
rfdetr_large,35,0.8920326828956604
rfdetr_large,36,0.8924512267112732
rfdetr_large,37,0.8876054883003235
rfdetr_large,38,0.8851069211959839
rfdetr_large,39,0.8859108686447144
rfdetr_large,40,0.8880772590637207
rfdetr_large,41,0.8887796401977539
rfdetr_large,42,0.8842991590499878
rfdetr_large,43,0.8876104354858398
rfdetr_large,44,0.8852251768112183
rfdetr_large,45,0.8885640501976013
rfdetr_large,46,0.8892632126808167
rfdetr_large,47,0.8898987770080566
rfdetr_large,48,0.8901491761207581
rfdetr_large,49,0.8876606822013855
rfdetr_large,50,0.880480170249939
dfine_x,1,0.1292997479923624
dfine_x,2,0.38087397445781607
dfine_x,3,0.517035917093614
dfine_x,4,0.6257708094182088
dfine_x,5,0.6726410671206439
dfine_x,6,0.6929761314580212
dfine_x,7,0.7341597582164869
dfine_x,8,0.7416514189188426
dfine_x,9,0.7551541365614858
dfine_x,10,0.7802971338918548
dfine_x,11,0.7900050493447592
dfine_x,12,0.8025777368554876
dfine_x,13,0.812309622342487
dfine_x,14,0.825486864994793
dfine_x,15,0.805431835844276
dfine_x,16,0.8240235890044282
dfine_x,17,0.8163011819209783
dfine_x,18,0.8303483800582814
dfine_x,19,0.8295786839646953
dfine_x,20,0.8257901435205927
dfine_x,21,0.8456980841321237
dfine_x,22,0.8382391830215699
dfine_x,23,0.8478003077803896
dfine_x,24,0.835977818175208
dfine_x,25,0.8528998452429039
dfine_x,26,0.8579944408644331
dfine_x,27,0.8549200783201323
dfine_x,28,0.8555267151028376
dfine_x,29,0.8606206756056852
dfine_x,30,0.8623112761670495
dfine_x,31,0.8622364357555964
dfine_x,32,0.8594243087916668
dfine_x,33,0.8702059912876267
dfine_x,34,0.8622905338808959
dfine_x,35,0.8679116474203232
dfine_x,36,0.8665677989371754
dfine_x,37,0.8680195303959317
dfine_x,38,0.867253838396957
dfine_x,39,0.8601818364391496
dfine_x,40,0.8689461365553246
dfine_x,41,0.8652454123498334
dfine_x,42,0.8674178833420421
dfine_x,43,0.8665921103763662
dfine_x,44,0.8672237915153056
dfine_x,45,0.8603095433312244
dfine_x,46,0.8695950685951919
dfine_x,47,0.8687818775437409
dfine_x,48,0.8715808672189329
dfine_x,49,0.8736016122220358
dfine_x,50,0.8714114959537748
dfine_x,51,0.869912893654376
dfine_x,52,0.8717296983747757
dfine_x,53,0.8674114277786776
dfine_x,54,0.8704629729144922
dfine_x,55,0.8725825623792545
dfine_x,56,0.8681066009789125
dfine_x,57,0.8718197606827999
dfine_x,58,0.8693609082445947
dfine_x,59,0.8675776755086824
dfine_x,60,0.8670665267502817
dfine_x,61,0.8696246568215562
dfine_x,62,0.8667820040761237
dfine_x,63,0.8652145487625866
dfine_x,64,0.8706731259721471
dfine_x,65,0.8705077465024224
dfine_x,66,0.8704381451075762
dfine_x,67,0.8713177653644459
dfine_x,68,0.8703142841145665
dfine_x,69,0.8714420874643989
dfine_x,70,0.870741944518754
dfine_x,71,0.8727914511925686
dfine_x,72,0.8753505129418301
dfine_x,73,0.8648745108950388
dfine_x,74,0.868718067223223
dfine_x,75,0.8685263759983479
dfine_x,76,0.8602865810267896
dfine_x,77,0.8682269457356189
dfine_x,78,0.8677755282586405
dfine_x,79,0.8707303211702436
dfine_x,80,0.8661202876932761
yolo26x,1,0.45704
yolo26x,2,0.57808
yolo26x,3,0.0981
yolo26x,4,0.50177
yolo26x,5,0.50874
yolo26x,6,0.68412
yolo26x,7,0.6432
yolo26x,8,0.61267
yolo26x,9,0.67915
yolo26x,10,0.66295
yolo26x,11,0.71882
yolo26x,12,0.7349
yolo26x,13,0.70591
yolo26x,14,0.73521
yolo26x,15,0.77001
yolo26x,16,0.70143
yolo26x,17,0.7309
yolo26x,18,0.75302
yolo26x,19,0.76372
yolo26x,20,0.72139
yolo26x,21,0.78357
yolo26x,22,0.75408
yolo26x,23,0.76679
yolo26x,24,0.79036
yolo26x,25,0.7601
yolo26x,26,0.76471
yolo26x,27,0.77829
yolo26x,28,0.78673
yolo26x,29,0.74575
yolo26x,30,0.81212
yolo26x,31,0.78429
yolo26x,32,0.77929
yolo26x,33,0.76741
yolo26x,34,0.79074
yolo26x,35,0.78512
yolo26x,36,0.7966
yolo26x,37,0.78993
yolo26x,38,0.79387
yolo26x,39,0.80329
yolo26x,40,0.79706
yolo26x,41,0.81324
yolo26x,42,0.78061
yolo26x,43,0.78983
yolo26x,44,0.79558
yolo26x,45,0.80857
yolo26x,46,0.81403
yolo26x,47,0.82095
yolo26x,48,0.83023
yolo26x,49,0.81134
yolo26x,50,0.81379
yolo26x,51,0.82382
yolo26x,52,0.82171
yolo26x,53,0.83021
yolo26x,54,0.81558
yolo26x,55,0.81009
yolo26x,56,0.80905
yolo26x,57,0.80541
yolo26x,58,0.80736
yolo26x,59,0.82722
yolo26x,60,0.8162
yolo26x,61,0.82782
yolo26x,62,0.83631
yolo26x,63,0.83279
yolo26x,64,0.82635
yolo26x,65,0.82641
yolo26x,66,0.82021
yolo26x,67,0.82123
yolo26x,68,0.82
yolo26x,69,0.82764
yolo26x,70,0.81333
yolo26x,71,0.82805
yolo26x,72,0.83235
yolo26x,73,0.82552
yolo26x,74,0.8068
yolo26x,75,0.8112
yolo26x,76,0.8247
yolo26x,77,0.80592
yolo26x,78,0.81864
yolo26x,79,0.82049
yolo26x,80,0.81237
yolo26x,81,0.82
yolo26x,82,0.81927
yolo26x,83,0.82231
yolo26x,84,0.82539
yolo26x,85,0.81644
yolo26x,86,0.81134
yolo26x,87,0.817
yolo26x,88,0.8183
yolo26x,89,0.81709
yolo26x,90,0.81744
yolo26x,91,0.81669
yolo26x,92,0.82164
yolo26x,93,0.81898
yolo26x,94,0.81266
yolo26x,95,0.81782
yolo26x,96,0.81699
yolo26x,97,0.81619
yolo26x,98,0.81756
yolo26x,99,0.81741
yolo26x,100,0.81826
